{"loss": -1552245941862.4, "_timestamp": 1661686346.4571624, "_runtime": 9336.00208735466, "_step": 13}