{"loss": -1182491344896.0, "_timestamp": 1662437820.4030855, "_runtime": 29142.33944940567, "_step": 180}