{"loss": "__main__.reproduce.<locals>.loss_fn", "_timestamp": 1661229878.8916721, "_runtime": 1022.4401931762695, "_step": 8}