{"loss": -6455051776.0, "_timestamp": 1661721799.7569702, "_runtime": 806.9183671474457, "_step": 6, "_wandb": {"runtime": 879}}