{"loss": -1545261977698.304, "_timestamp": 1661401007.3968906, "_runtime": 54817.92398571968, "_step": 238}