{"loss": -560074391552.0, "_timestamp": 1661877494.096564, "_runtime": 44503.46363115311, "_step": 547}