{"loss": -3103225263056.222, "_timestamp": 1661659307.5615442, "_runtime": 30493.753395080566, "_step": 45}