{"loss": -1409740080939.008, "_timestamp": 1661345943.1115074, "_runtime": 11999.233900308609, "_step": 55}