{"loss": -1057681330143.232, "_timestamp": 1661319274.3722055, "_runtime": 32364.460352420807, "_step": 146}