{"loss": -3091774974197.76, "_timestamp": 1661232208.9885676, "_runtime": 1748.1169435977936, "_step": 15}