{"loss": -1552245954969.6, "_timestamp": 1661676709.9684825, "_runtime": 5643.4771065711975, "_step": 11}