{"loss": -1552294078161.8362, "_timestamp": 1661670085.3480818, "_runtime": 9130.934958934784, "_step": 12, "_wandb": {"runtime": 9528}}