{"loss": -1552245954969.6, "_timestamp": 1661700809.2838378, "_runtime": 8419.969785690308, "_step": 17}