{"loss": -3098113094975.488, "_timestamp": 1661594059.048997, "_runtime": 1985.1330058574677, "_step": 8, "_wandb": {"runtime": 2187}}