{"loss": -357696480.0, "_timestamp": 1662302480.9313545, "_runtime": 173.54753351211548, "_step": 0}