{"loss": -1940826161152.0, "_timestamp": 1662493841.5673335, "_runtime": 8899.236679553986, "_step": 27}