{"loss": 163008.06096875, "_timestamp": 1661254700.1042478, "_runtime": 13976.937127828598, "_step": 50, "_wandb": {"runtime": 11391}}