{"loss": -1287872585138.176, "_timestamp": 1661332125.1298902, "_runtime": 12629.203392267227, "_step": 58, "_wandb": {"runtime": 12741}}