{"loss": -560695246848.0, "_timestamp": 1661964855.066199, "_runtime": 67746.96077609062, "_step": 832}