{"loss": -743623491584.0, "_timestamp": 1661798694.1110897, "_runtime": 316.49653673171997, "_step": 0, "_wandb": {"runtime": 314}}