{"loss": -279495224852.48, "_timestamp": 1661259640.0550685, "_runtime": 2534.652076482773, "_step": 10, "_wandb": {"runtime": 2733}}