{"loss": -5881303697195.008, "_timestamp": 1661286315.997448, "_runtime": 18807.768117904663, "_step": 84}