{"loss": -736400375808.0, "_timestamp": 1662323902.169863, "_runtime": 14951.232138872147, "_step": 90}