{"loss": -1122462597120.0, "_timestamp": 1662350661.8961926, "_runtime": 26391.287945508957, "_step": 159}