{"loss": -3089268942569.472, "_timestamp": 1661591680.3854375, "_runtime": 48339.97559642792, "_step": 495, "_wandb": {"runtime": 47410}}