{"loss": -350907792.0, "_timestamp": 1662301681.5991561, "_runtime": 182.53719425201416, "_step": 0}