{"loss": -91545305088.0, "_timestamp": 1662355349.101915, "_runtime": 3924.063359975815, "_step": 23}