{"loss": -222248992.0, "_timestamp": 1661722278.520824, "_runtime": 166.682137966156, "_step": 0}