{"loss": -4014725248.0, "_timestamp": 1661718448.2602434, "_runtime": 600.3012583255768, "_step": 590}