{"loss": -3096272401596.416, "_timestamp": 1661237219.8733716, "_runtime": 4906.808770656586, "_step": 21}