{"loss": -1066043146240.0, "_timestamp": 1662407877.1105964, "_runtime": 12532.307263374329, "_step": 76}