{"loss": -560695214080.0, "_timestamp": 1662275866.0839765, "_runtime": 81957.83807659149, "_step": 1050}