{"loss": -743525089280.0, "_timestamp": 1661797321.015513, "_runtime": 11413.282168865204, "_step": 66}