{"loss": "__main__.reproduce.<locals>.loss_fn", "_timestamp": 1661229902.510355, "_runtime": 10.543147087097168, "_step": 0}