{"loss": -733105061888.0, "_timestamp": 1661785753.9068863, "_runtime": 30003.88007235527, "_step": 174}