{"loss": -40031823872.0, "_timestamp": 1661717253.7737203, "_runtime": 1109.9655692577362, "_step": 999}