{"loss": -560695148544.0, "_timestamp": 1661885426.227556, "_runtime": 1680.1631190776825, "_step": 20}