{"loss": -611855368192.0, "_timestamp": 1661755582.7423143, "_runtime": 33259.098009347916, "_step": 194}