{"loss": -1552313786826.752, "_timestamp": 1661598771.889444, "_runtime": 4373.768661022186, "_step": 17}