{"loss": -15740778496.0, "_timestamp": 1661715641.6582737, "_runtime": 437.33355474472046, "_step": 1999, "_wandb": {"runtime": 765}}