{"loss": -461471006720.0, "_timestamp": 1662364712.2435198, "_runtime": 9218.75888466835, "_step": 54}