{"loss": -1224538456064.0, "_timestamp": 1661831919.7820807, "_runtime": 27351.71480154991, "_step": 84}