{"loss": -31468826624.0, "_timestamp": 1661719985.26216, "_runtime": 1486.0657060146332, "_step": 1406}