{"loss": -1357110.9375, "_timestamp": 1661717836.672078, "_runtime": 137.03494381904602, "_step": 1, "_wandb": {"runtime": 14}}