{"loss": -1552313554829.312, "_timestamp": 1661542646.7857463, "_runtime": 27159.8310482502, "_step": 130, "_wandb": {"runtime": 27160}}