{"loss": -892468002816.0, "_timestamp": 1662395166.8716257, "_runtime": 14174.65532374382, "_step": 87}