{"loss": -176959192.0, "_timestamp": 1662300937.523442, "_runtime": 349.6372549533844, "_step": 1}