{"loss": -167188545536.0, "_timestamp": 1662308727.7765148, "_runtime": 6073.366459846497, "_step": 34}