{"loss": -1552313983434.752, "_timestamp": 1661627960.4207506, "_runtime": 27778.308216571808, "_step": 133}